"日期","收盘","开盘","高","低","交易量","涨跌幅"
"2023-12-29","711.92","704.55","711.92","703.40","1.63B","0.97%"
"2023-12-28","705.06","701.39","707.25","700.47","2.66B","0.51%"
"2023-12-27","701.50","698.62","702.32","694.33","1.63B","0.39%"
"2023-12-26","698.75","699.82","701.35","697.71","1.22B","-0.17%"
"2023-12-25","699.90","698.64","700.90","697.77","1.12B","0.13%"
"2023-12-22","699.03","699.08","702.04","695.16","1.67B","0.15%"
"2023-12-21","697.95","694.06","699.07","691.16","1.85B","0.37%"
"2023-12-20","695.37","697.66","701.73","695.19","1.60B","-0.21%"
"2023-12-19","696.86","696.33","698.44","693.36","1.35B","0.00%"
"2023-12-18","696.84","692.29","698.99","689.65","1.74B","0.44%"
"2023-12-15","693.77","700.10","703.63","693.66","1.69B","-0.52%"
"2023-12-14","697.38","702.53","703.83","697.18","1.19B","-0.41%"
"2023-12-13","700.23","706.27","707.00","699.71","1.58B","-1.00%"
"2023-12-12","707.27","697.56","707.52","696.02","2.03B","1.12%"
"2023-12-11","699.41","693.98","700.68","684.56","2.53B","0.49%"
"2023-12-8","695.98","696.13","701.42","694.23","2.27B","-0.11%"
"2023-12-7","696.73","694.70","698.77","689.36","1.83B","0.32%"
"2023-12-6","694.51","698.06","698.19","689.71","2.09B","-0.53%"
"2023-12-5","698.24","707.83","707.83","697.94","1.60B","-1.36%"
"2023-12-4","707.89","709.79","712.01","707.76","1.31B","-0.24%"
"2023-12-1","709.57","710.19","712.03","706.33","1.80B","-0.12%"
"2023-11-30","710.40","706.46","710.98","706.22","1.70B","0.59%"
"2023-11-29","706.24","713.20","713.42","704.95","1.65B","-0.96%"
"2023-11-28","713.10","715.79","716.80","711.51","1.30B","-0.35%"
"2023-11-27","715.59","720.22","720.54","711.61","1.77B","-0.67%"
"2023-11-24","720.43","719.60","721.91","718.46","1.29B","0.05%"
"2023-11-23","720.04","720.31","720.89","717.51","1.09B","-0.06%"
"2023-11-22","720.45","721.18","724.26","720.39","1.14B","-0.25%"
"2023-11-21","722.26","722.66","726.40","721.27","1.51B","0.14%"
"2023-11-20","721.29","717.51","721.58","715.29","1.21B","0.66%"
"2023-11-17","716.54","720.14","720.57","714.74","1.28B","-0.64%"
"2023-11-16","721.18","721.59","723.23","718.89","1.34B","-0.03%"
"2023-11-15","721.40","721.31","723.89","719.29","1.32B","0.43%"
"2023-11-14","718.33","716.85","720.32","715.62","1.49B","0.22%"
"2023-11-13","716.77","720.39","720.50","713.15","1.41B","-0.45%"
"2023-11-10","720.00","723.20","727.01","718.49","1.67B","-0.65%"
"2023-11-9","724.69","719.72","725.87","719.65","1.68B","0.59%"
"2023-11-8","720.44","722.05","724.63","718.34","1.47B","-0.39%"
"2023-11-7","723.29","722.77","725.12","720.13","1.56B","0.01%"
"2023-11-6","723.19","725.60","726.42","721.38","2.25B","-0.17%"
"2023-11-3","724.40","727.37","728.14","722.69","1.57B","-0.35%"
"2023-11-2","726.97","723.33","730.19","723.07","1.65B","0.71%"
"2023-11-1","721.82","722.05","723.16","717.44","1.78B","0.10%"
"2023-10-31","721.06","718.03","722.02","715.18","2.18B","0.08%"
"2023-10-30","720.52","730.66","730.75","717.80","3.27B","-1.90%"
"2023-10-27","734.44","735.40","738.79","730.26","2.16B","-0.18%"
"2023-10-26","735.78","727.37","736.98","726.39","1.80B","1.00%"
"2023-10-25","728.53","731.66","732.22","724.78","2.07B","0.22%"
"2023-10-24","726.91","734.74","735.03","724.73","2.22B","-0.83%"
"2023-10-23","732.98","735.88","739.03","729.12","1.74B","-0.59%"
"2023-10-20","737.30","736.58","741.08","732.80","1.90B","-0.21%"
"2023-10-19","738.89","754.28","754.32","738.35","2.53B","-2.26%"
"2023-10-18","755.96","756.16","760.98","755.14","1.79B","-0.11%"
"2023-10-17","756.80","755.46","757.92","753.14","1.38B","0.23%"
"2023-10-16","755.03","755.41","756.28","750.51","1.83B","-0.06%"
"2023-10-13","755.52","750.04","759.80","748.45","2.69B","0.17%"
"2023-10-12","754.21","750.36","754.82","747.58","3.24B","1.79%"
"2023-10-11","740.94","743.75","745.46","738.69","1.88B","0.04%"
"2023-10-10","740.66","746.17","748.24","740.66","1.45B","-0.23%"
"2023-10-9","742.40","743.37","744.40","737.51","1.74B","-0.65%"
"2023-9-28","747.27","747.55","749.92","746.40","1.32B","0.29%"
"2023-9-27","745.11","751.30","752.43","744.92","1.59B","-0.63%"
"2023-9-26","749.86","752.69","754.85","748.56","1.42B","-0.34%"
"2023-9-25","752.41","751.00","754.81","747.69","1.90B","0.12%"
"2023-9-22","751.50","745.36","752.16","740.78","2.04B","1.01%"
"2023-9-21","743.95","748.19","750.80","742.78","1.76B","-0.52%"
"2023-9-20","747.83","744.74","749.54","742.05","2.00B","0.36%"
"2023-9-19","745.16","739.39","745.59","738.90","1.89B","0.67%"
"2023-9-18","740.18","739.00","740.54","735.10","1.49B","0.13%"
"2023-9-15","739.21","745.02","748.09","737.49","2.15B","-0.59%"
"2023-9-14","743.57","737.22","743.71","736.26","2.40B","1.09%"
"2023-9-13","735.53","736.29","738.62","733.43","1.27B","0.07%"
"2023-9-12","735.02","735.62","736.68","734.20","1.03B","-0.10%"
"2023-9-11","735.76","735.51","738.88","733.67","1.66B","0.13%"
"2023-9-8","734.78","735.83","736.69","733.40","968.71M","-0.27%"
"2023-9-7","736.75","737.94","740.93","735.57","1.50B","-0.24%"
"2023-9-6","738.50","734.91","739.63","733.65","1.20B","0.35%"
"2023-9-5","735.92","741.79","741.81","735.36","1.58B","-1.06%"
"2023-9-4","743.79","734.34","745.13","734.03","2.37B","1.75%"
"2023-9-1","731.03","729.11","735.77","729.06","1.74B","0.56%"
"2023-8-31","726.93","729.49","735.32","725.86","1.85B","-0.34%"
"2023-8-30","729.40","736.53","736.53","728.01","1.91B","-0.95%"
"2023-8-29","736.42","745.40","746.94","732.73","2.58B","-1.29%"
"2023-8-28","746.04","764.74","766.62","742.46","3.16B","1.38%"
"2023-8-25","735.87","727.93","739.42","727.82","1.63B","0.92%"
"2023-8-24","729.15","733.87","735.14","726.37","1.52B","-0.46%"
"2023-8-23","732.53","732.53","739.15","731.58","1.61B","-0.15%"
"2023-8-22","733.64","726.49","734.65","726.49","1.69B","1.19%"
"2023-8-21","725.03","736.89","736.97","725.03","1.66B","-1.53%"
"2023-8-18","736.27","732.24","744.63","732.24","1.87B","0.43%"
"2023-8-17","733.15","736.76","737.18","728.18","1.65B","-0.77%"
"2023-8-16","738.83","737.36","741.62","733.31","1.27B","-0.15%"
"2023-8-15","739.94","731.45","742.32","731.35","1.79B","1.26%"
"2023-8-14","730.76","735.11","735.11","727.91","1.64B","-1.27%"
"2023-8-11","740.13","754.80","756.98","740.13","1.66B","-1.90%"
"2023-8-10","754.49","753.49","756.63","749.47","1.09B","-0.10%"
"2023-8-9","755.24","752.49","757.38","752.24","1.10B","0.19%"
"2023-8-8","753.82","755.36","759.26","751.59","1.27B","-0.48%"
"2023-8-7","757.45","761.72","761.72","754.76","1.55B","-0.82%"
"2023-8-4","763.71","765.77","771.84","760.93","2.11B","0.30%"
"2023-8-3","761.39","753.23","762.23","749.35","1.88B","1.18%"
"2023-8-2","752.48","762.14","763.81","749.35","2.57B","-2.07%"
"2023-8-1","768.42","769.86","773.73","765.85","1.66B","-0.36%"
"2023-7-31","771.16","769.86","780.75","765.35","2.76B","0.63%"
"2023-7-28","766.34","743.90","768.26","743.40","2.59B","2.76%"
"2023-7-27","745.75","741.10","750.19","739.65","1.68B","0.83%"
"2023-7-26","739.62","739.28","743.27","736.27","1.12B","-0.12%"
"2023-7-25","740.50","729.32","741.22","729.32","1.97B","2.34%"
"2023-7-24","723.57","723.77","726.59","721.88","977.63M","-0.42%"
"2023-7-21","726.65","725.24","728.93","724.59","997.84M","-0.18%"
"2023-7-20","727.94","727.88","732.07","726.23","1.25B","0.17%"
"2023-7-19","726.67","721.61","727.05","720.59","1.24B","0.35%"
"2023-7-18","724.15","728.03","728.60","723.30","1.55B","-0.82%"
"2023-7-17","730.14","732.28","732.28","726.87","1.59B","-1.54%"
"2023-7-14","741.56","740.36","744.65","737.83","1.79B","0.10%"
"2023-7-13","740.85","734.38","741.41","732.59","1.79B","0.35%"
"2023-7-12","738.29","736.72","743.35","736.72","1.42B","-0.31%"
"2023-7-11","740.60","737.32","740.90","736.20","1.22B","0.81%"
"2023-7-10","734.68","736.37","738.15","733.08","976.49M","0.00%"
"2023-7-7","734.65","733.41","738.33","732.60","1.18B","0.00%"
"2023-7-6","734.64","739.65","741.72","733.52","1.53B","-1.08%"
"2023-7-5","742.65","746.01","746.52","739.73","1.12B","-0.50%"
"2023-7-4","746.37","752.13","752.13","744.82","1.55B","-0.95%"
"2023-7-3","753.50","743.35","754.38","742.34","1.82B","1.66%"
"2023-6-30","741.20","736.78","744.12","736.67","1.37B","0.68%"
"2023-6-29","736.17","740.04","740.18","736.14","1.30B","-0.62%"
"2023-6-28","740.78","739.84","744.38","736.94","1.39B","0.13%"
"2023-6-27","739.82","731.84","741.77","730.03","1.66B","1.10%"
"2023-6-26","731.80","741.24","741.29","729.79","2.06B","-1.76%"
"2023-6-21","744.88","743.83","754.13","742.94","1.82B","-0.23%"
"2023-6-20","746.64","751.01","752.07","746.04","1.56B","-0.54%"
"2023-6-19","750.67","759.44","759.52","750.17","2.18B","-2.01%"
"2023-6-16","766.08","769.73","771.30","765.68","1.81B","-0.32%"
"2023-6-15","768.55","766.75","771.62","763.19","1.66B","0.56%"
"2023-6-14","764.27","777.80","780.20","764.21","2.43B","-1.60%"
"2023-6-13","776.74","773.56","779.12","772.91","1.44B","0.32%"
"2023-6-12","774.25","783.85","783.85","772.97","2.28B","-1.32%"
"2023-6-9","784.61","787.35","789.45","784.04","1.96B","-0.43%"
"2023-6-8","787.99","773.81","789.06","769.98","2.48B","1.95%"
"2023-6-7","772.92","768.15","777.20","768.15","1.65B","0.82%"
"2023-6-6","766.63","767.01","779.12","765.12","1.99B","-0.14%"
"2023-6-5","767.69","760.56","770.83","757.87","1.88B","0.89%"
"2023-6-2","760.95","755.23","761.43","755.23","1.70B","0.90%"
"2023-6-1","754.20","756.01","760.52","751.53","2.06B","-0.39%"
"2023-5-31","757.15","759.01","760.40","754.51","1.73B","-0.44%"
"2023-5-30","760.49","764.47","766.09","755.30","1.94B","-0.63%"
"2023-5-29","765.34","760.93","768.67","759.61","2.14B","0.74%"
"2023-5-26","759.73","752.58","762.25","750.30","1.67B","0.91%"
"2023-5-25","752.85","752.32","753.67","747.19","2.34B","-0.29%"
"2023-5-24","755.02","772.30","772.30","755.02","3.57B","-2.31%"
"2023-5-23","772.86","786.65","791.04","772.86","2.76B","-1.82%"
"2023-5-22","787.22","784.52","793.06","783.96","2.05B","0.25%"
"2023-5-19","785.23","794.52","794.68","784.81","2.28B","-1.39%"
"2023-5-18","796.30","789.85","804.27","789.24","3.23B","1.20%"
"2023-5-17","786.87","790.44","795.78","784.32","2.12B","-0.71%"
"2023-5-16","792.49","793.27","804.52","790.49","3.25B","-0.01%"
"2023-5-15","792.59","783.63","794.21","771.32","4.32B","1.02%"
"2023-5-12","784.61","790.80","794.90","783.65","3.01B","-0.88%"
"2023-5-11","791.58","796.18","805.93","790.38","3.49B","-0.44%"
"2023-5-10","795.10","818.28","819.45","791.32","6.25B","-3.29%"
"2023-5-9","822.15","839.38","847.08","818.62","8.07B","-1.13%"
"2023-5-8","831.57","798.39","841.39","797.94","8.23B","4.47%"
"2023-5-5","795.97","786.79","806.96","786.79","5.38B","1.32%"
"2023-5-4","785.59","755.92","786.28","752.78","5.62B","2.89%"
"2023-4-28","763.56","757.77","769.56","756.08","2.64B","0.73%"
"2023-4-27","758.03","755.22","758.85","750.84","2.38B","-0.15%"
"2023-4-26","759.16","763.70","763.70","749.68","3.10B","-0.84%"
"2023-4-25","765.58","753.31","765.58","753.31","3.36B","1.70%"
"2023-4-24","752.78","756.10","761.42","751.03","2.45B","-0.37%"
"2023-4-21","755.56","763.78","768.90","755.15","2.55B","-1.08%"
"2023-4-20","763.79","765.03","768.25","756.44","2.41B","-0.11%"
"2023-4-19","764.64","764.62","770.17","760.53","2.52B","0.07%"
"2023-4-18","764.09","755.23","768.07","754.78","3.15B","1.12%"
"2023-4-17","755.62","740.14","755.62","738.56","2.81B","2.03%"
"2023-4-14","740.58","739.99","743.64","737.34","1.51B","0.30%"
"2023-4-13","738.33","732.15","741.35","729.88","2.00B","0.75%"
"2023-4-12","732.82","730.27","735.07","728.72","2.17B","0.55%"
"2023-4-11","728.78","730.58","731.31","727.36","1.64B","-0.14%"
"2023-4-10","729.78","728.81","730.98","726.92","1.52B","0.10%"
"2023-4-7","729.03","728.37","730.19","726.69","1.08B","0.14%"
"2023-4-6","728.04","729.13","730.31","726.72","1.47B","-0.30%"
"2023-4-4","730.25","725.03","730.25","723.60","2.04B","0.77%"
"2023-4-3","724.69","724.41","726.09","722.08","1.69B","0.07%"
"2023-3-31","724.19","727.25","731.12","722.86","1.93B","-0.37%"
"2023-3-30","726.87","723.33","727.49","719.24","1.84B","0.74%"
"2023-3-29","721.56","725.84","726.81","720.23","1.48B","-0.28%"
"2023-3-28","723.56","722.06","725.06","719.60","1.45B","0.48%"
"2023-3-27","720.10","726.89","726.89","717.96","2.06B","-0.89%"
"2023-3-24","726.60","733.48","733.48","726.00","1.75B","-1.12%"
"2023-3-23","734.85","727.16","735.70","726.29","1.73B","0.76%"
"2023-3-22","729.33","725.37","730.80","723.50","1.72B","0.93%"
"2023-3-21","722.64","727.43","731.87","721.42","2.11B","-0.43%"
"2023-3-20","725.74","727.38","735.53","725.21","2.83B","-0.17%"
"2023-3-17","727.00","730.71","735.83","725.00","2.70B","-0.03%"
"2023-3-16","727.23","721.12","734.47","720.18","3.33B","0.39%"
"2023-3-15","724.40","723.30","726.65","721.74","1.85B","0.91%"
"2023-3-14","717.83","718.64","723.07","714.82","1.67B","-0.63%"
"2023-3-13","722.36","717.02","723.31","716.36","1.65B","0.40%"
"2023-3-10","719.51","725.14","728.83","719.37","1.79B","-1.41%"
"2023-3-9","729.81","733.01","736.92","729.75","1.84B","-0.42%"
"2023-3-8","732.89","732.98","733.13","727.90","1.95B","-0.47%"
"2023-3-7","736.35","734.04","749.27","732.50","4.21B","0.35%"
"2023-3-6","733.78","742.80","744.75","733.28","2.28B","-1.22%"
"2023-3-3","742.86","737.64","743.58","735.12","2.50B","0.95%"
"2023-3-2","735.87","732.94","737.03","731.23","1.46B","0.28%"
"2023-3-1","733.82","726.88","734.81","726.27","1.69B","0.96%"
"2023-2-28","726.88","725.05","727.38","721.96","1.16B","0.37%"
"2023-2-27","724.19","725.64","727.57","723.78","1.03B","-0.36%"
"2023-2-24","726.84","732.43","732.75","726.28","1.16B","-0.72%"
"2023-2-23","732.09","732.32","736.52","731.34","1.20B","0.09%"
"2023-2-22","731.43","734.77","735.18","731.26","939.66M","-0.70%"
"2023-2-21","736.57","734.26","737.30","732.56","1.40B","0.21%"
"2023-2-20","735.03","721.08","735.03","720.80","1.98B","2.27%"
"2023-2-17","718.74","723.51","725.39","718.73","1.44B","-0.74%"
"2023-2-16","724.07","725.00","731.10","722.17","1.54B","-0.11%"
"2023-2-15","724.83","730.29","730.34","724.10","1.18B","-0.71%"
"2023-2-14","730.02","729.06","731.28","727.85","1.14B","0.29%"
"2023-2-13","727.91","731.32","731.32","724.35","1.74B","-0.68%"
"2023-2-10","732.93","732.38","733.49","729.25","1.11B","0.00%"
"2023-2-9","732.93","730.18","735.14","729.48","1.22B","0.31%"
"2023-2-8","730.63","732.41","733.90","729.99","986.18M","-0.13%"
"2023-2-7","731.58","731.18","734.38","729.79","1.03B","0.21%"
"2023-2-6","730.08","731.76","731.76","726.86","1.32B","-0.69%"
"2023-2-3","735.18","739.76","739.76","733.08","1.41B","-0.83%"
"2023-2-2","741.31","746.50","746.53","738.94","1.46B","-0.50%"
"2023-2-1","745.05","750.09","750.68","740.35","1.58B","-0.38%"
"2023-1-31","747.87","755.44","757.61","747.64","1.37B","-0.86%"
"2023-1-30","754.32","761.73","762.10","753.53","1.88B","0.24%"
"2023-1-20","752.51","752.43","752.60","749.16","1.26B","0.21%"
"2023-1-19","750.96","748.99","751.25","745.24","1.09B","0.08%"
"2023-1-18","750.39","750.75","752.84","748.08","1.28B","-0.05%"
"2023-1-17","750.76","750.46","752.49","747.14","1.31B","0.05%"
"2023-1-16","750.38","751.95","758.85","748.85","2.25B","0.00%"
"2023-1-13","750.35","743.55","750.35","742.89","1.29B","0.97%"
"2023-1-12","743.12","744.22","744.22","739.32","1.14B","0.06%"
"2023-1-11","742.71","738.23","745.33","737.12","1.19B","0.75%"
"2023-1-10","737.17","744.94","744.94","736.95","1.24B","-1.03%"
"2023-1-9","744.84","745.72","748.69","742.82","1.20B","0.04%"
"2023-1-6","744.54","746.03","748.19","739.87","1.41B","-0.13%"
"2023-1-5","745.49","749.32","751.93","743.36","1.57B","-0.11%"
"2023-1-4","746.34","735.44","747.93","734.17","2.12B","1.72%"
"2023-1-3","733.72","731.28","735.33","723.91","1.67B","0.22%"
"2022-12-30","732.11","729.44","735.17","727.90","1.56B","0.62%"
"2022-12-29","727.58","728.17","728.80","721.80","1.30B","-0.46%"
"2022-12-28","730.98","725.28","734.03","724.12","1.39B","0.88%"
"2022-12-27","724.62","717.68","727.16","717.60","1.30B","1.59%"
"2022-12-26","713.25","716.60","718.62","712.82","1.05B","-0.44%"
"2022-12-23","716.42","716.81","721.72","714.90","888.94M","-0.43%"
"2022-12-22","719.52","721.68","724.72","716.74","905.10M","0.47%"
"2022-12-21","716.16","715.05","720.18","713.53","881.35M","0.45%"
"2022-12-20","712.95","721.06","724.95","710.55","1.42B","-1.41%"
"2022-12-19","723.12","734.06","736.81","720.62","1.44B","-1.53%"
"2022-12-16","734.33","724.41","735.35","724.41","1.60B","1.20%"
"2022-12-15","725.64","731.25","733.28","724.96","1.10B","-1.09%"
"2022-12-14","733.61","732.29","735.62","727.31","1.27B","0.35%"
"2022-12-13","731.08","725.50","733.26","725.50","1.35B","0.76%"
"2022-12-12","725.54","735.33","735.97","724.94","1.71B","-1.66%"
"2022-12-9","737.80","733.54","741.35","731.34","1.99B","0.76%"
"2022-12-8","732.20","727.18","735.08","727.17","1.57B","0.65%"
"2022-12-7","727.44","733.21","735.06","726.86","1.81B","-0.91%"
"2022-12-6","734.09","731.55","735.00","727.61","1.90B","0.05%"
"2022-12-5","733.75","721.46","734.90","720.32","2.45B","2.48%"
"2022-12-2","715.98","720.44","721.86","711.36","1.51B","-0.62%"
"2022-12-1","720.47","733.54","736.46","719.82","2.07B","-0.67%"
"2022-11-30","725.32","725.17","733.61","723.44","2.19B","-0.44%"
"2022-11-29","728.51","707.91","732.47","707.91","3.37B","3.74%"
"2022-11-28","702.26","704.96","704.96","695.48","2.02B","-1.58%"
"2022-11-25","713.56","699.57","715.19","699.57","2.70B","2.01%"
"2022-11-24","699.47","703.51","706.78","698.16","1.23B","-0.18%"
"2022-11-23","700.75","697.66","707.81","697.28","2.34B","0.53%"
"2022-11-22","697.03","685.96","700.71","685.96","2.07B","1.71%"
"2022-11-21","685.30","684.45","686.65","679.30","1.13B","-0.26%"
"2022-11-18","687.08","692.20","693.71","685.86","1.35B","-0.63%"
"2022-11-17","691.47","694.27","695.12","688.21","1.17B","-0.62%"
"2022-11-16","695.76","698.62","698.62","695.12","1.16B","-0.57%"
"2022-11-15","699.72","696.73","704.08","694.43","1.47B","0.35%"
"2022-11-14","697.30","693.16","704.55","693.16","2.47B","1.71%"
"2022-11-11","685.59","673.64","691.01","671.05","2.53B","2.88%"
"2022-11-10","666.41","663.03","666.72","660.39","1.21B","0.16%"
"2022-11-9","665.32","664.88","668.71","664.24","938.96M","0.04%"
"2022-11-8","665.02","665.78","667.16","662.66","1.19B","-0.10%"
"2022-11-7","665.69","663.76","667.19","662.03","1.56B","-0.11%"
"2022-11-4","666.44","654.26","668.46","654.18","1.95B","1.75%"
"2022-11-3","654.98","657.50","657.64","652.78","1.16B","-0.72%"
"2022-11-2","659.71","658.87","661.66","654.91","2.02B","-0.26%"
"2022-11-1","661.46","654.97","661.51","653.96","2.90B","1.23%"
"2022-10-31","653.39","658.96","659.40","652.10","2.14B","-1.19%"
"2022-10-28","661.27","664.15","668.12","660.14","1.66B","-0.57%"
"2022-10-27","665.09","668.29","670.82","665.09","1.84B","-0.21%"
"2022-10-26","666.49","673.04","675.04","665.06","2.15B","-1.02%"
"2022-10-25","673.37","673.80","677.47","670.23","1.64B","0.05%"
"2022-10-24","673.04","688.62","689.50","672.12","2.38B","-2.30%"
"2022-10-21","688.85","691.88","694.03","687.49","1.35B","-0.30%"
"2022-10-20","690.93","691.04","693.93","689.56","1.25B","-0.15%"
"2022-10-19","691.95","696.54","700.43","691.89","1.08B","-0.85%"
"2022-10-18","697.92","702.10","703.71","696.79","1.22B","-0.16%"
"2022-10-17","699.05","697.41","700.76","695.21","1.26B","-0.11%"
"2022-10-14","699.81","696.34","702.58","696.34","1.81B","0.95%"
"2022-10-13","693.23","700.14","701.35","691.37","1.54B","-1.38%"
"2022-10-12","702.94","699.93","702.94","694.46","1.60B","0.41%"
"2022-10-11","700.05","704.16","706.17","699.28","1.51B","-0.43%"
"2022-10-10","703.04","706.85","707.35","701.95","2.17B","-1.07%"
"2022-9-30","710.62","707.02","713.06","706.72","1.23B","0.70%"
"2022-9-29","705.71","716.44","718.78","704.09","1.36B","-1.08%"
"2022-9-28","713.42","711.05","717.18","707.50","1.41B","0.17%"
"2022-9-27","712.24","711.36","713.51","706.05","1.23B","0.17%"
"2022-9-26","711.05","718.85","722.93","710.98","1.73B","-1.50%"
"2022-9-23","721.90","717.29","724.50","717.29","1.67B","0.45%"
"2022-9-22","718.67","716.31","719.31","714.39","1.17B","-0.07%"
"2022-9-21","719.17","716.94","722.99","713.34","1.19B","0.27%"
"2022-9-20","717.23","724.33","724.73","716.27","1.25B","-0.85%"
"2022-9-19","723.38","721.13","724.50","719.37","1.41B","0.47%"
"2022-9-16","720.02","732.40","733.60","720.02","1.91B","-1.91%"
"2022-9-15","734.01","728.52","736.12","728.52","2.12B","1.07%"
"2022-9-14","726.23","726.32","730.91","725.66","1.25B","-0.75%"
"2022-9-13","731.70","728.65","735.46","725.27","1.76B","0.59%"
"2022-9-9","727.41","719.28","729.61","717.94","1.74B","1.41%"
"2022-9-8","717.32","716.91","719.45","715.84","1.07B","0.21%"
"2022-9-7","715.79","717.23","717.23","713.34","1.04B","-0.33%"
"2022-9-6","718.19","720.29","724.75","717.24","1.33B","-0.19%"
"2022-9-5","719.58","716.49","719.67","711.77","1.19B","0.40%"
"2022-9-2","716.71","719.14","721.84","715.07","1.17B","-0.15%"
"2022-9-1","717.80","718.61","722.21","716.96","1.23B","-0.38%"
"2022-8-31","720.51","710.21","722.91","709.61","2.15B","1.27%"
"2022-8-30","711.44","707.51","712.43","706.90","1.29B","0.52%"
"2022-8-29","707.77","710.62","713.22","704.67","1.36B","-1.23%"
"2022-8-26","716.60","715.22","718.14","711.84","991.12M","0.26%"
"2022-8-25","714.72","707.60","715.74","705.51","1.10B","1.20%"
"2022-8-24","706.24","708.50","713.02","706.08","1.14B","-0.28%"
"2022-8-23","708.23","713.01","713.14","707.35","1.16B","-0.71%"
"2022-8-22","713.26","711.14","717.58","711.14","989.30M","-0.06%"
"2022-8-19","713.72","709.43","717.25","709.43","1.01B","0.39%"
"2022-8-18","710.94","717.11","717.23","709.62","961.48M","-1.05%"
"2022-8-17","718.47","713.55","719.37","709.35","1.21B","0.93%"
"2022-8-16","711.87","712.35","715.94","710.48","933.20M","-0.03%"
"2022-8-15","712.10","717.54","720.09","711.57","1.12B","-1.06%"
"2022-8-12","719.69","717.36","720.94","715.35","1.10B","0.08%"
"2022-8-11","719.09","710.58","719.52","708.46","1.29B","1.64%"
"2022-8-10","707.51","711.71","713.29","706.34","748.23M","-0.50%"
"2022-8-9","711.07","714.68","714.68","710.93","805.53M","-0.42%"
"2022-8-8","714.06","717.12","720.83","712.82","1.01B","-0.51%"
"2022-8-5","717.70","712.94","718.09","709.70","1.09B","0.85%"
"2022-8-4","711.63","707.80","711.97","706.67","1.39B","1.01%"
"2022-8-3","704.53","711.75","716.27","704.42","1.40B","-1.05%"
"2022-8-2","712.01","717.23","717.36","706.71","1.79B","-1.29%"
"2022-8-1","721.31","724.60","724.61","720.37","1.21B","-0.68%"
"2022-7-29","726.24","732.30","734.85","724.60","1.29B","-0.70%"
"2022-7-28","731.33","733.44","736.28","730.82","1.15B","-0.23%"
"2022-7-27","733.02","736.81","736.81","731.76","992.69M","-0.44%"
"2022-7-26","736.26","730.50","737.15","730.30","1.25B","0.84%"
"2022-7-25","730.11","726.45","731.10","724.19","965.08M","0.36%"
"2022-7-22","727.46","724.78","730.24","723.96","1.22B","0.58%"
"2022-7-21","723.23","733.42","733.47","723.23","1.45B","-1.79%"
"2022-7-20","736.40","735.04","737.46","733.41","1.36B","0.56%"
"2022-7-19","732.29","729.09","733.97","727.09","1.52B","0.43%"
"2022-7-18","729.18","723.43","731.83","723.43","1.75B","1.31%"
"2022-7-15","719.72","727.21","732.66","719.72","2.59B","-2.37%"
"2022-7-14","737.20","746.63","746.63","730.51","3.37B","-1.92%"
"2022-7-13","751.63","767.55","767.82","750.63","2.77B","-2.35%"
"2022-7-12","769.68","767.34","774.76","767.34","2.39B","-0.84%"
"2022-7-11","776.22","774.97","778.29","774.59","2.26B","0.14%"
"2022-7-8","775.13","777.28","777.28","771.59","1.46B","0.04%"
"2022-7-7","774.85","776.83","779.41","773.34","1.38B","-0.21%"
"2022-7-6","776.48","785.28","785.80","773.95","1.87B","-1.18%"
"2022-7-5","785.74","786.56","790.27","783.17","1.57B","0.12%"
"2022-7-4","784.79","786.90","788.03","782.30","1.76B","-0.37%"
"2022-7-1","787.69","791.08","791.88","786.85","1.35B","-0.39%"
"2022-6-30","790.78","784.86","794.20","782.14","2.11B","0.59%"
"2022-6-29","786.12","782.83","789.91","781.59","1.98B","0.05%"
"2022-6-28","785.75","781.63","786.50","780.14","1.81B","0.49%"
"2022-6-27","781.93","775.45","782.97","774.44","2.15B","0.91%"
"2022-6-24","774.87","778.21","780.20","771.42","1.80B","-0.69%"
"2022-6-23","780.22","775.36","780.80","774.76","1.66B","0.79%"
"2022-6-22","774.13","782.78","782.80","773.98","1.59B","-1.07%"
"2022-6-21","782.48","774.71","783.55","773.37","1.87B","1.11%"
"2022-6-20","773.91","779.22","779.95","772.70","1.79B","-0.74%"
"2022-6-17","779.66","777.01","781.91","773.93","1.79B","-0.02%"
"2022-6-16","779.81","791.60","792.19","779.19","2.18B","-1.99%"
"2022-6-15","795.68","784.88","805.77","784.29","3.48B","1.40%"
"2022-6-14","784.67","769.64","785.38","769.08","2.16B","1.47%"
"2022-6-13","773.31","782.29","782.80","769.79","2.11B","-1.70%"
"2022-6-10","786.66","780.54","787.72","777.51","2.62B","0.49%"
"2022-6-9","782.85","773.56","783.53","773.10","2.18B","1.23%"
"2022-6-8","773.36","771.76","773.93","768.34","1.71B","0.19%"
"2022-6-7","771.91","764.15","773.72","762.42","1.88B","0.94%"
"2022-6-6","764.74","765.68","765.92","758.73","2.41B","-0.27%"
"2022-6-2","766.78","768.44","769.76","765.01","1.34B","-0.51%"
"2022-6-1","770.73","773.06","773.06","768.39","1.42B","-0.26%"
"2022-5-31","772.76","769.58","774.89","766.78","1.81B","0.38%"
"2022-5-30","769.85","779.00","779.00","768.71","1.66B","-0.88%"
"2022-5-27","776.70","773.81","778.87","772.52","1.34B","0.63%"
"2022-5-26","771.85","771.46","772.62","766.13","1.53B","0.02%"
"2022-5-25","771.70","770.14","773.23","768.29","1.36B","0.29%"
"2022-5-24","769.44","776.16","777.55","769.07","1.80B","-0.68%"
"2022-5-23","774.74","778.83","779.09","773.14","1.53B","-0.48%"
"2022-5-20","778.47","771.75","779.76","771.43","1.98B","1.24%"
"2022-5-19","768.93","766.17","770.15","763.91","1.53B","-0.36%"
"2022-5-18","771.70","779.26","779.31","768.58","1.61B","-0.75%"
"2022-5-17","777.54","773.38","781.22","770.70","1.91B","0.82%"
"2022-5-16","771.24","777.91","777.91","766.81","1.68B","-0.84%"
"2022-5-13","777.79","771.74","780.49","771.74","1.57B","1.22%"
"2022-5-12","768.44","769.37","771.97","766.51","1.42B","-0.48%"
"2022-5-11","772.12","776.02","777.51","770.80","2.19B","-0.62%"
"2022-5-10","776.93","763.89","778.98","759.67","2.17B","1.10%"
"2022-5-9","768.47","775.58","775.58","765.52","1.56B","-1.22%"
"2022-5-6","777.96","787.89","790.09","777.26","1.83B","-2.09%"
"2022-5-5","794.55","796.44","802.29","790.64","2.65B","-0.38%"
"2022-4-29","797.58","798.32","801.35","784.77","2.94B","-0.27%"
"2022-4-28","799.71","784.50","799.71","784.42","2.60B","1.90%"
"2022-4-27","784.82","783.83","792.54","780.01","2.79B","-0.37%"
"2022-4-26","787.77","791.18","797.97","785.90","2.71B","-0.15%"
"2022-4-25","788.96","807.87","811.77","788.96","3.45B","-3.80%"
"2022-4-22","820.10","801.23","822.41","801.23","2.49B","1.81%"
"2022-4-21","805.53","805.05","817.29","801.96","2.32B","-0.28%"
"2022-4-20","807.76","815.59","817.64","806.72","1.71B","-1.03%"
"2022-4-19","816.14","811.76","817.90","805.68","1.97B","0.05%"
"2022-4-18","815.71","829.37","829.37","813.94","2.37B","-2.56%"
"2022-4-15","837.10","823.25","839.99","822.57","2.19B","1.48%"
"2022-4-14","824.86","832.34","834.34","824.67","1.86B","-0.23%"
"2022-4-13","826.80","825.86","833.71","823.40","2.00B","-0.02%"
"2022-4-12","826.95","823.92","832.41","816.46","2.45B","0.36%"
"2022-4-11","823.96","832.49","832.49","821.83","2.19B","-1.40%"
"2022-4-8","835.64","829.08","836.39","825.89","2.26B","0.72%"
"2022-4-7","829.63","837.11","843.14","827.08","3.00B","-1.09%"
"2022-4-6","838.81","821.44","842.36","821.11","3.42B","1.46%"
"2022-4-1","826.74","808.49","826.74","807.90","2.91B","1.73%"
"2022-3-31","812.65","797.50","815.23","796.44","2.96B","1.46%"
"2022-3-30","800.92","793.43","801.37","790.30","2.24B","1.14%"
"2022-3-29","791.93","790.78","793.39","788.36","1.74B","0.14%"
"2022-3-28","790.79","782.86","792.73","775.93","2.28B","0.54%"
"2022-3-25","786.51","786.25","792.87","783.90","1.66B","0.10%"
"2022-3-24","785.71","780.46","788.10","777.98","1.39B","0.25%"
"2022-3-23","783.72","790.62","790.64","778.79","1.88B","-1.00%"
"2022-3-22","791.66","777.53","794.47","777.07","2.12B","1.87%"
"2022-3-21","777.15","787.03","787.94","775.45","1.77B","-1.47%"
"2022-3-18","788.72","768.52","789.78","767.17","2.80B","2.45%"
"2022-3-17","769.84","775.91","779.27","766.74","2.57B","0.56%"
"2022-3-16","765.52","748.40","768.91","737.81","3.07B","3.25%"
"2022-3-15","741.40","770.11","770.11","741.23","3.58B","-4.21%"
"2022-3-14","774.02","782.53","790.93","774.02","2.04B","-2.13%"
"2022-3-11","790.87","782.93","792.98","774.14","2.20B","0.61%"
"2022-3-10","786.10","793.52","794.74","786.10","1.79B","0.48%"
"2022-3-9","782.38","795.75","798.34","766.31","3.02B","-1.46%"
"2022-3-8","793.94","808.50","809.72","792.49","2.25B","-2.06%"
"2022-3-7","810.65","819.37","821.20","808.54","2.10B","-1.66%"
"2022-3-4","824.38","828.20","828.62","819.14","1.71B","-0.75%"
"2022-3-3","830.62","825.99","831.78","825.99","1.70B","0.68%"
"2022-3-2","825.01","821.89","828.08","821.18","1.40B","-0.23%"
"2022-3-1","826.87","820.00","828.42","816.53","1.70B","0.91%"
"2022-2-28","819.38","818.57","819.99","811.15","1.66B","-0.11%"
"2022-2-25","820.26","825.92","828.85","816.83","1.89B","-0.47%"
"2022-2-24","824.15","833.81","835.09","823.12","2.26B","-1.34%"
"2022-2-23","835.31","844.14","844.14","833.31","1.74B","-0.91%"
"2022-2-22","843.00","841.99","846.09","839.39","1.46B","-0.37%"
"2022-2-21","846.11","846.86","847.19","837.07","1.50B","-0.38%"
"2022-2-18","849.30","836.32","849.30","836.32","1.62B","1.35%"
"2022-2-17","837.95","837.39","845.18","834.80","1.53B","0.19%"
"2022-2-16","836.33","831.26","840.68","830.46","1.41B","0.96%"
"2022-2-15","828.34","836.17","841.72","824.51","2.12B","-1.19%"
"2022-2-14","838.35","856.36","856.36","836.35","2.35B","-2.22%"
"2022-2-11","857.37","849.00","861.11","848.84","2.52B","1.01%"
"2022-2-10","848.82","841.91","848.97","836.56","2.07B","0.90%"
"2022-2-9","841.23","845.49","850.20","839.43","2.59B","-0.42%"
"2022-2-8","844.78","832.49","845.36","831.85","3.38B","1.55%"
"2022-2-7","831.91","818.44","832.89","818.16","2.39B","2.94%"
"2022-1-28","808.17","820.26","821.91","808.09","1.99B","-1.20%"
"2022-1-27","817.97","819.61","823.42","813.34","1.80B","-0.34%"
"2022-1-26","820.78","819.93","823.06","816.01","1.47B","0.28%"
"2022-1-25","818.46","829.93","830.01","818.33","1.94B","-1.69%"
"2022-1-24","832.54","832.29","836.64","825.24","1.85B","0.00%"
"2022-1-21","832.53","834.85","835.72","828.99","1.97B","-0.54%"
"2022-1-20","837.08","823.53","840.08","823.06","3.03B","1.70%"
"2022-1-19","823.05","818.51","824.81","817.50","1.77B","0.51%"
"2022-1-18","818.91","805.01","819.71","803.26","2.19B","1.83%"
"2022-1-17","804.19","805.55","811.04","800.46","1.56B","-0.09%"
"2022-1-14","804.92","820.94","820.94","803.88","2.55B","-2.03%"
"2022-1-13","821.62","818.96","829.92","818.72","2.42B","0.23%"
"2022-1-12","819.72","822.49","822.84","813.36","2.32B","-0.13%"
"2022-1-11","820.80","812.88","824.31","809.91","2.44B","1.37%"
"2022-1-10","809.71","808.22","813.65","802.83","2.28B","0.54%"
"2022-1-7","805.38","792.65","805.68","792.47","2.91B","1.72%"
"2022-1-6","791.79","795.88","797.45","790.94","1.92B","-0.59%"
"2022-1-5","796.52","783.65","799.40","782.91","3.11B","1.72%"
"2022-1-4","783.07","780.42","783.62","775.66","1.80B","0.40%"
"2021-12-31","779.92","779.79","781.09","778.60","1.07B","0.05%"
"2021-12-30","779.55","777.48","782.27","777.25","1.28B","0.33%"
"2021-12-29","776.96","784.04","784.23","776.39","1.20B","-0.90%"
"2021-12-28","784.01","780.95","785.59","780.51","1.48B","0.45%"
"2021-12-27","780.52","783.13","784.92","778.60","1.10B","-0.35%"
"2021-12-24","783.24","787.38","787.38","783.06","1.06B","-0.44%"
"2021-12-23","786.69","787.68","789.14","783.98","1.15B","0.09%"
"2021-12-22","786.00","792.29","792.30","785.58","1.34B","-0.60%"
"2021-12-21","790.71","786.15","794.31","786.15","1.81B","0.52%"
"2021-12-20","786.63","786.39","790.92","785.52","1.35B","-0.13%"
"2021-12-17","787.66","790.60","793.02","787.30","1.29B","-0.43%"
"2021-12-16","791.08","787.22","791.62","784.63","1.34B","0.62%"
"2021-12-15","786.20","785.95","787.91","783.98","1.29B","-0.19%"
"2021-12-14","787.70","795.69","796.28","785.81","1.78B","-1.13%"
"2021-12-13","796.68","801.98","808.77","796.68","2.02B","-0.58%"
"2021-12-10","801.34","799.11","804.55","796.73","2.44B","-0.13%"
"2021-12-9","802.41","797.08","809.13","794.50","2.37B","0.75%"
"2021-12-8","796.41","797.06","797.85","791.62","1.73B","-0.07%"
"2021-12-7","796.95","794.17","799.42","789.20","2.11B","1.08%"
"2021-12-6","788.45","786.86","795.18","785.87","1.86B","0.43%"
"2021-12-3","785.05","783.83","785.05","777.96","1.28B","0.22%"
"2021-12-2","783.31","778.46","784.74","775.43","1.41B","0.53%"
"2021-12-1","779.18","773.75","779.78","773.11","1.24B","0.69%"
"2021-11-30","773.81","774.96","778.14","771.48","1.35B","-0.26%"
"2021-11-29","775.82","775.70","778.34","771.97","1.47B","-0.46%"
"2021-11-26","779.42","784.40","784.71","778.67","1.18B","-0.83%"
"2021-11-25","785.92","787.25","787.34","784.32","874.83M","-0.27%"
"2021-11-24","788.05","786.42","789.90","783.07","1.08B","0.13%"
"2021-11-23","787.04","786.75","790.54","785.45","1.10B","0.09%"
"2021-11-22","786.36","792.16","793.13","786.07","1.24B","-0.88%"
"2021-11-19","793.35","785.84","795.59","784.83","1.26B","0.98%"
"2021-11-18","785.62","788.70","790.59","783.89","1.02B","-0.55%"
"2021-11-17","789.94","792.51","796.03","789.20","1.07B","-0.64%"
"2021-11-16","795.07","798.95","802.24","792.11","1.06B","-0.63%"
"2021-11-15","800.13","797.45","802.79","794.87","1.03B","0.45%"
"2021-11-12","796.56","799.50","802.03","795.19","1.16B","-0.38%"
"2021-11-11","799.63","781.86","799.63","781.27","1.71B","2.19%"
"2021-11-10","782.49","784.63","784.63","777.97","1.26B","-0.35%"
"2021-11-9","785.28","786.79","788.46","781.74","1.04B","0.11%"
"2021-11-8","784.45","786.30","788.58","784.25","1.24B","-0.39%"
"2021-11-5","787.55","787.49","789.85","785.86","1.20B","-0.23%"
"2021-11-4","789.35","792.87","793.26","787.06","1.24B","-0.32%"
"2021-11-3","791.91","792.88","793.75","789.67","1.43B","0.03%"
"2021-11-2","791.63","813.06","813.35","788.45","2.62B","-2.51%"
"2021-11-1","812.04","802.65","816.05","800.49","2.48B","1.20%"
"2021-10-29","802.42","808.77","810.61","801.01","1.70B","-0.47%"
"2021-10-28","806.20","808.42","812.48","804.68","1.27B","-0.57%"
"2021-10-27","810.84","816.39","816.41","804.63","1.51B","-0.83%"
"2021-10-26","817.64","818.01","823.49","815.66","1.55B","-0.08%"
"2021-10-25","818.28","814.62","819.93","810.10","1.44B","-0.14%"
"2021-10-22","819.43","820.39","825.63","815.16","1.70B","0.13%"
"2021-10-21","818.37","807.93","818.84","807.93","2.08B","1.87%"
"2021-10-20","803.38","809.59","812.40","801.77","1.23B","-0.51%"
"2021-10-19","807.45","802.94","811.91","802.75","1.37B","0.55%"
"2021-10-18","803.03","807.55","809.55","800.71","1.48B","-0.48%"
"2021-10-15","806.92","803.10","809.42","801.14","1.39B","0.69%"
"2021-10-14","801.38","807.98","811.12","800.41","1.02B","-0.77%"
"2021-10-13","807.62","809.93","811.20","801.47","1.23B","-0.38%"
"2021-10-12","810.68","808.51","817.53","806.24","1.81B","-0.06%"
"2021-10-11","811.13","800.08","817.72","800.03","2.15B","1.90%"
"2021-10-8","796.04","787.20","796.86","787.20","1.78B","1.32%"
"2021-9-30","785.65","791.81","791.81","782.60","1.50B","-0.84%"
"2021-9-29","792.30","783.45","797.15","780.43","1.98B","0.54%"
"2021-9-28","788.09","776.29","790.99","776.07","1.89B","1.50%"
"2021-9-27","776.45","775.08","779.51","770.25","1.73B","-0.01%"
"2021-9-24","776.53","781.20","784.31","775.72","1.53B","-0.74%"
"2021-9-23","782.34","783.69","792.70","779.52","1.77B","0.30%"
"2021-9-22","779.96","777.22","783.52","772.96","2.22B","-2.08%"
"2021-9-17","796.55","795.14","799.33","792.79","1.64B","0.18%"
"2021-9-16","795.12","800.89","805.61","794.72","2.13B","-0.80%"
"2021-9-15","801.55","806.22","809.32","797.85","1.73B","-0.84%"
"2021-9-14","808.35","830.49","833.12","806.80","2.61B","-2.51%"
"2021-9-13","829.19","825.92","831.50","823.07","2.28B","0.12%"
"2021-9-10","828.19","815.16","837.66","814.76","3.11B","1.56%"
"2021-9-9","815.45","815.49","819.21","810.43","1.90B","-0.38%"
"2021-9-8","818.59","818.10","825.81","815.98","2.22B","-0.10%"
"2021-9-7","819.44","807.94","821.42","801.57","2.43B","1.57%"
"2021-9-6","806.78","805.72","815.44","805.72","1.76B","-0.32%"
"2021-9-3","809.39","807.39","816.20","797.00","2.31B","0.38%"
"2021-9-2","806.36","801.91","806.99","800.18","1.87B","0.53%"
"2021-9-1","802.09","782.53","804.43","781.64","2.98B","2.36%"
"2021-8-31","783.57","772.47","784.14","771.19","2.01B","1.48%"
"2021-8-30","772.13","781.56","782.24","767.88","1.93B","-1.22%"
"2021-8-27","781.69","778.94","786.07","777.46","1.21B","0.38%"
"2021-8-26","778.75","788.01","788.31","778.19","1.36B","-1.07%"
"2021-8-25","787.15","794.65","796.61","785.36","1.42B","-0.88%"
"2021-8-24","794.13","791.19","798.35","787.69","1.41B","0.45%"
"2021-8-23","790.58","790.03","796.33","789.70","1.26B","0.11%"
"2021-8-20","789.68","793.03","798.28","781.32","1.65B","-0.29%"
"2021-8-19","792.02","804.29","805.33","790.00","1.58B","-1.88%"
"2021-8-18","807.16","784.75","810.00","784.75","2.21B","2.91%"
"2021-8-17","784.37","791.29","797.59","783.32","1.58B","-0.98%"
"2021-8-16","792.14","794.04","796.86","786.56","1.25B","0.11%"
"2021-8-13","791.26","791.37","793.88","787.26","1.03B","-0.04%"
"2021-8-12","791.55","793.38","797.55","790.99","1.14B","-0.47%"
"2021-8-11","795.28","787.22","803.09","787.08","2.30B","0.98%"
"2021-8-10","787.54","775.36","789.25","770.56","1.71B","1.59%"
"2021-8-9","775.23","760.63","782.61","760.47","1.81B","1.84%"
"2021-8-6","761.22","756.47","761.45","751.13","1.17B","0.39%"
"2021-8-5","758.28","757.80","763.63","755.28","1.15B","-0.14%"
"2021-8-4","759.38","765.33","766.07","758.26","1.24B","-0.77%"
"2021-8-3","765.27","766.38","767.71","759.95","1.38B","-0.53%"
"2021-8-2","769.36","758.77","773.78","750.17","2.00B","1.24%"
"2021-7-30","759.92","768.22","768.22","757.92","1.51B","-1.37%"
"2021-7-29","770.50","780.76","780.76","769.52","1.63B","-0.83%"
"2021-7-28","776.94","770.38","782.23","770.38","2.06B","0.97%"
"2021-7-27","769.45","787.06","789.26","767.70","2.04B","-2.21%"
"2021-7-26","786.83","805.82","805.95","786.35","2.05B","-2.74%"
"2021-7-23","808.98","810.56","812.46","804.22","1.33B","-0.24%"
"2021-7-22","810.93","805.15","817.73","803.70","1.39B","0.62%"
"2021-7-21","805.90","811.20","814.64","804.10","1.49B","-0.97%"
"2021-7-20","813.84","818.44","821.20","812.08","1.28B","-0.94%"
"2021-7-19","821.55","822.17","823.70","810.53","1.60B","-0.07%"
"2021-7-16","822.15","823.51","828.24","819.21","1.50B","-0.65%"
"2021-7-15","827.55","809.46","828.58","808.53","2.10B","2.18%"
"2021-7-14","809.92","823.97","823.97","807.58","2.19B","-1.75%"
"2021-7-13","824.31","822.07","828.11","815.23","1.89B","-0.33%"
"2021-7-12","827.04","837.71","839.47","823.72","2.53B","-0.45%"
"2021-7-9","830.75","837.85","842.37","829.06","1.85B","-1.09%"
"2021-7-8","839.92","861.55","861.61","837.65","2.21B","-2.09%"
"2021-7-7","857.82","858.60","864.87","854.80","1.46B","-0.21%"
"2021-7-6","859.62","853.03","861.13","850.73","1.65B","0.17%"
"2021-7-5","858.14","858.45","858.53","848.07","1.65B","-0.04%"
"2021-7-2","858.48","866.71","867.05","856.05","1.82B","-1.59%"
"2021-7-1","872.33","861.75","872.40","860.08","1.75B","1.57%"
"2021-6-30","858.83","853.75","861.79","853.75","1.23B","0.87%"
"2021-6-29","851.43","853.70","857.89","850.23","1.48B","-1.00%"
"2021-6-28","859.99","872.11","872.52","857.75","1.63B","-1.53%"
"2021-6-25","873.39","863.87","875.02","863.28","1.78B","1.08%"
"2021-6-24","864.09","859.19","864.09","856.60","1.43B","0.44%"
"2021-6-23","860.30","862.68","863.98","858.35","1.56B","-0.28%"
"2021-6-22","862.73","856.86","866.18","856.79","1.66B","0.91%"
"2021-6-21","854.96","861.29","861.31","852.48","1.72B","-0.95%"
"2021-6-18","863.19","869.28","871.23","860.18","1.62B","-1.00%"
"2021-6-17","871.92","875.20","878.55","871.55","1.53B","-0.64%"
"2021-6-16","877.51","872.13","882.75","870.55","1.63B","0.58%"
"2021-6-15","872.41","883.08","883.13","869.48","1.98B","-1.62%"
"2021-6-11","886.82","893.19","894.45","880.23","2.21B","-0.64%"
"2021-6-10","892.49","894.32","902.90","891.85","1.88B","-0.07%"
"2021-6-9","893.08","895.94","900.60","891.94","1.57B","-0.49%"
"2021-6-8","897.46","897.19","902.78","890.46","1.88B","-0.02%"
"2021-6-7","897.68","901.74","901.74","893.62","1.75B","-0.51%"
"2021-6-4","902.31","893.79","911.13","893.73","2.07B","0.66%"
"2021-6-3","896.40","902.60","910.16","896.40","1.93B","-0.70%"
"2021-6-2","902.75","901.39","903.30","894.73","2.11B","0.12%"
"2021-6-1","901.64","905.17","905.17","897.04","1.81B","-0.86%"
"2021-5-31","909.47","912.50","912.52","901.56","1.91B","-0.41%"
"2021-5-28","913.23","910.29","916.60","907.57","1.95B","0.42%"
"2021-5-27","909.38","913.21","917.18","904.41","1.91B","-0.76%"
"2021-5-26","916.30","909.90","920.77","908.23","2.35B","0.80%"
"2021-5-25","908.98","880.62","909.64","878.06","2.82B","3.30%"
"2021-5-24","879.91","878.45","885.12","877.10","1.23B","0.19%"
"2021-5-21","878.22","890.61","891.37","877.44","1.46B","-1.28%"
"2021-5-20","889.61","880.61","890.00","875.07","1.56B","0.94%"
"2021-5-19","881.36","893.49","893.54","877.19","1.51B","-1.43%"
"2021-5-18","894.14","897.42","898.77","891.02","1.24B","-0.39%"
"2021-5-17","897.60","895.72","906.64","892.82","1.71B","0.03%"
"2021-5-14","897.29","887.73","897.75","880.76","1.72B","1.33%"
"2021-5-13","885.49","885.55","892.41","881.55","1.47B","-0.32%"
"2021-5-12","888.32","882.88","896.73","882.74","1.87B","0.48%"
"2021-5-11","884.07","875.57","884.81","875.11","1.51B","0.57%"
"2021-5-10","879.07","884.80","884.90","871.12","1.96B","-0.61%"
"2021-5-7","884.48","877.93","892.26","874.83","2.31B","0.98%"
"2021-5-6","875.92","865.27","882.18","865.27","1.97B","1.02%"
"2021-4-30","867.11","880.33","880.33","861.10","3.32B","-1.84%"
"2021-4-29","883.41","867.72","884.30","866.46","2.26B","2.06%"
"2021-4-28","865.57","871.00","871.30","861.78","1.37B","-0.46%"
"2021-4-27","869.55","868.70","872.06","865.58","1.14B","0.04%"
"2021-4-26","869.21","883.70","886.04","867.78","1.56B","-1.03%"
"2021-4-23","878.26","874.63","881.66","872.97","1.32B","0.30%"
"2021-4-22","875.64","886.10","886.52","872.74","1.58B","-1.01%"
"2021-4-21","884.58","874.49","888.49","874.49","1.59B","1.14%"
"2021-4-20","874.62","870.06","879.47","869.89","1.47B","0.13%"
"2021-4-19","873.49","864.76","874.41","858.84","1.70B","1.07%"
"2021-4-16","864.20","862.70","865.04","859.05","1.15B","0.33%"
"2021-4-15","861.35","869.90","870.15","853.67","1.65B","-0.94%"
"2021-4-14","869.53","883.51","883.51","868.69","1.57B","-1.40%"
"2021-4-13","881.91","888.05","892.54","877.72","1.60B","-0.46%"
"2021-4-12","885.96","884.20","888.06","879.34","1.68B","0.02%"
"2021-4-9","885.76","890.36","890.49","883.55","1.36B","-0.45%"
"2021-4-8","889.73","890.25","892.11","887.15","1.33B","-0.24%"
"2021-4-7","891.83","894.65","895.44","887.05","1.65B","-0.33%"
"2021-4-6","894.79","893.76","897.27","891.59","1.29B","0.22%"
"2021-4-2","892.85","904.87","905.25","890.24","1.83B","-1.22%"
"2021-4-1","903.87","907.87","908.01","899.70","1.57B","-0.42%"
"2021-3-31","907.72","901.68","910.33","894.85","2.68B","0.45%"
"2021-3-30","903.62","898.48","903.62","892.86","2.09B","0.67%"
"2021-3-29","897.62","894.03","898.83","887.94","2.63B","0.48%"
"2021-3-26","893.30","889.92","894.56","885.91","1.99B","0.89%"
"2021-3-25","885.41","897.15","900.50","884.09","1.71B","-0.80%"
"2021-3-24","892.54","905.61","906.46","890.28","1.83B","-1.46%"
"2021-3-23","905.75","907.54","915.91","899.80","1.78B","-0.28%"
"2021-3-22","908.30","893.97","915.52","893.97","1.97B","1.68%"
"2021-3-19","893.31","916.69","920.05","890.30","2.67B","-2.60%"
"2021-3-18","917.19","916.30","921.89","911.90","1.77B","0.06%"
"2021-3-17","916.63","926.60","926.60","912.50","2.03B","-1.39%"
"2021-3-16","929.53","922.52","937.07","920.31","2.39B","1.11%"
"2021-3-15","919.29","910.91","931.92","910.49","2.99B","0.84%"
"2021-3-12","911.61","904.73","915.00","903.05","2.64B","0.87%"
"2021-3-11","903.71","887.44","909.84","887.44","3.04B","2.90%"
"2021-3-10","878.27","884.13","885.87","874.33","2.35B","-0.32%"
"2021-3-9","881.13","897.56","906.12","878.49","3.35B","-1.56%"
"2021-3-8","895.06","910.53","918.74","894.72","3.37B","-1.41%"
"2021-3-5","907.82","905.56","911.20","890.84","3.20B","-0.31%"
"2021-3-4","910.63","910.34","921.98","905.69","3.48B","-0.64%"